surprise,anger,sadness,joy,fear,disgust
0.32505548,0.30680633,0.29931456,0.39165643,0.3222831,0.323512
0.3708699,0.37873212,0.31099698,0.3868515,0.2649484,0.34432355
0.33114302,0.29958504,0.27543336,0.4325738,0.28241634,0.34052947
0.34887984,0.41241708,0.27857572,0.44288617,0.2835989,0.34294918
0.35502836,0.33292294,0.2503718,0.34269273,0.2608319,0.31071436
0.34213448,0.3872873,0.25388777,0.39351588,0.2909667,0.37002707
0.36107755,0.3543751,0.28278384,0.28444183,0.32106036,0.3993086
0.36048147,0.37999386,0.3097524,0.41314855,0.3041331,0.4109909
0.39630675,0.36262125,0.20497988,0.3810014,0.25117752,0.27276242
0.27304843,0.4353158,0.485748,0.51973486,0.3746192,0.36880735
0.37171677,0.57783127,0.23072031,0.57378775,0.262367,0.40755513
0.36647084,0.4046044,0.36517635,0.4542025,0.3193408,0.34318575
0.4084714,0.36896223,0.31026104,0.36590236,0.35397106,0.38501245
0.33220625,0.30455574,0.35199443,0.4082187,0.285889,0.37698004
0.23735318,0.34545404,0.2218852,0.6315878,0.18108223,0.25490612
0.3650409,0.31891838,0.35054347,0.47478637,0.3026999,0.39307237
0.36649537,0.25813425,0.26561642,0.38723466,0.31963858,0.40441957
0.38105205,0.36315784,0.27484992,0.54111755,0.25007534,0.33690315
0.29938537,0.27970493,0.3237143,0.5771263,0.23088796,0.2909349
0.4047252,0.4288334,0.38674963,0.3888216,0.44950926,0.4172949
0.49317262,0.44833845,0.6675449,0.49040225,0.8304151,0.54823893
0.34008977,0.31186813,0.27242562,0.4545631,0.23717931,0.3050525
0.37477717,0.31655523,0.26627988,0.36595744,0.2872095,0.35054642
0.2689283,0.3334688,0.22603081,0.47032368,0.22050446,0.34314984
0.32377407,0.36487448,0.3772428,0.35976306,0.40387073,0.49640146
0.4854917,0.46351367,0.4410031,0.34240568,0.5542292,0.47747368
0.32433835,0.424494,0.45007083,0.493812,0.44360232,0.35551107
0.351334,0.43591708,0.36815092,0.40075266,0.35372216,0.4713013
0.39597547,0.4082743,0.2258293,0.33648348,0.23899956,0.37746057
0.4484614,0.45196941,0.39861935,0.4711751,0.45022038,0.3870114
0.27489144,0.27329782,0.27594364,0.43514124,0.25668842,0.28982303
0.32602406,0.34423378,0.36241817,0.40855137,0.3398096,0.37072754
0.3796534,0.45924562,0.41477355,0.48306814,0.4046096,0.378843
0.5163948,0.43715295,0.37835905,0.39349365,0.3720537,0.39611727
0.44423193,0.41197208,0.3057906,0.38638273,0.3548515,0.39940992
0.29619998,0.3865921,0.29418164,0.4757606,0.2609048,0.35240543
0.4237465,0.35342357,0.36072454,0.43505386,0.33991215,0.29288426
0.37147465,0.6709129,0.5596062,0.48061198,0.50210035,0.5803003
0.39622244,0.4477482,0.4773967,0.4171677,0.43468568,0.46126375
0.538696,0.45157075,0.32564968,0.51107323,0.33566797,0.32202885
0.35933417,0.34174037,0.28589633,0.3792292,0.25233048,0.32968593
0.39123872,0.38882402,0.37392914,0.34727135,0.39886284,0.41799954
0.32593453,0.33895952,0.30456147,0.3363409,0.294389,0.36650473
0.27453467,0.30245358,0.4394527,0.36882254,0.36348698,0.4781006
0.35416168,0.38149434,0.39523178,0.4099061,0.3931,0.4374105
0.30558795,0.38429943,0.31080198,0.45150477,0.2435979,0.3418556
0.3334527,0.408254,0.25490648,0.44667143,0.25598502,0.3458696
0.398178,0.37720776,0.41198722,0.47740215,0.39113435,0.4040885
0.3608442,0.35885894,0.19875756,0.36337352,0.256255,0.36386728
0.3159851,0.47070685,0.2786479,0.44395167,0.2794734,0.3408342
0.57090765,0.4234956,0.5019145,0.3952472,0.59186125,0.42584887
0.40108442,0.3952826,0.28154248,0.4298126,0.31669933,0.3028067
0.25899097,0.2759238,0.23208396,0.4437971,0.21063179,0.26229635
0.31512383,0.38216063,0.29018712,0.50165105,0.27020195,0.34451377
0.39466426,0.31930682,0.3419406,0.45593667,0.30071473,0.38051465
0.28207377,0.40565678,0.36717615,0.4455389,0.33078316,0.4195124
0.3761466,0.41135967,0.36725983,0.42949674,0.34595308,0.3557361
0.40975085,0.34756497,0.33883372,0.42888656,0.30647257,0.33242193
0.34416544,0.2768363,0.2872803,0.29473156,0.33285797,0.27883464
0.32522273,0.26733327,0.26742262,0.34283087,0.27351868,0.35823885
0.41144574,0.42891228,0.3668905,0.49075538,0.38767654,0.40879628
0.2973737,0.4197033,0.35928804,0.39769223,0.32113177,0.37416205
0.26103994,0.3125273,0.22678526,0.30063573,0.23623219,0.37639686
0.45325202,0.37779874,0.36131227,0.40871623,0.40075275,0.36831987
0.38058597,0.42052144,0.4194827,0.6387881,0.36852282,0.4390549
0.3627181,0.27988496,0.2928079,0.43783286,0.25809607,0.29161957
0.37114275,0.43026584,0.40334675,0.380029,0.41306555,0.3988148
0.40899956,0.40770137,0.38662088,0.4172898,0.35715997,0.38908762
0.42739627,0.45767626,0.2929341,0.3229903,0.32874513,0.44039357
0.49413157,0.22163786,0.38786042,0.30774346,0.29313114,0.42727023
0.38779527,0.31366703,0.341932,0.42330793,0.28551212,0.41373894
0.38918895,0.41732696,0.33457717,0.39370385,0.3597333,0.23048274
0.51196057,0.6403662,0.3763016,0.4710498,0.40792918,0.51284826
0.33216617,0.35609302,0.31135672,0.42794457,0.35059142,0.35098308
0.4251936,0.5180366,0.41591477,0.41549665,0.5119884,0.6169139
0.35841525,0.352548,0.28277397,0.38401568,0.31856802,0.31638226
0.48576584,0.42174158,0.33981732,0.30695418,0.45731857,0.32935563
0.32372522,0.34556964,0.33318248,0.414921,0.30056474,0.36035255
0.42894357,0.61306655,0.3085112,0.62684906,0.2950241,0.45635635
0.39559263,0.40208378,0.33199605,0.4298547,0.38407812,0.3577385
0.59704083,0.4442405,0.31315622,0.7557639,0.38447317,0.4237074
0.45560434,0.3481583,0.42399555,0.41299343,0.45736957,0.41111532
0.35713118,0.31465682,0.27566516,0.40564314,0.28527683,0.37511984
0.25745362,0.2983725,0.42231265,0.39520591,0.30633974,0.42855874
0.3349705,0.28743404,0.24139704,0.32357073,0.26304078,0.28269365
0.4225582,0.31333357,0.3093233,0.3371156,0.33269808,0.31443483
0.32505432,0.3403408,0.3416217,0.46701133,0.293594,0.3262237
0.5702529,0.47740704,0.5381502,0.66552293,0.45115378,0.32030106
0.39402255,0.35836208,0.4715232,0.4301242,0.50926834,0.45774636
0.3117549,0.36488608,0.27892298,0.3718523,0.3092555,0.2599588
0.33078796,0.3924941,0.34859166,0.34805864,0.3358968,0.50170344
0.36825788,0.4018431,0.39628446,0.4447368,0.35180423,0.4225384
0.4230863,0.42031634,0.42389965,0.44578153,0.42230058,0.42209423
0.39112562,0.35350722,0.29090595,0.39540052,0.26413563,0.32574323
0.29402453,0.31719506,0.41515076,0.4691161,0.31089076,0.40521646
0.36365035,0.31860328,0.29163083,0.3599929,0.34857145,0.42031604
0.31506073,0.29038188,0.31319708,0.34909728,0.29404995,0.36620948
0.3284402,0.28932905,0.2683503,0.42603248,0.2906095,0.31734896
0.32593283,0.32490733,0.36307403,0.43581367,0.3013361,0.33111772
0.27322388,0.2447677,0.26956308,0.48548484,0.2600238,0.33379188
0.34961522,0.32867596,0.35561755,0.42641243,0.30385366,0.39678186
0.2527721,0.30550584,0.27853444,0.3304256,0.2588595,0.3215655
0.315579,0.23101144,0.32008773,0.4511839,0.25964817,0.34497008
0.32638296,0.31105426,0.348294,0.3838434,0.2918383,0.29657155
0.36660567,0.3511774,0.26118195,0.3905023,0.30366528,0.36989996
0.4798814,0.73719275,0.49689692,0.5383731,0.40401888,0.43169045
0.29528362,0.40591872,0.3000844,0.3095871,0.28913492,0.34563982
0.3946627,0.26648757,0.346391,0.34170827,0.34977713,0.33733702
0.31842688,0.2638206,0.20205367,0.35820028,0.21524969,0.31604928
0.28791267,0.40361065,0.34235775,0.46056542,0.29897138,0.38822287
0.47100398,0.43639112,0.34999052,0.4722105,0.3599429,0.34923506
0.34375483,0.29687563,0.54843974,0.4717947,0.3422411,0.38719815
0.3328536,0.26107585,0.24357377,0.44831425,0.28599298,0.31437668
0.32111764,0.28446075,0.33727673,0.38664815,0.3269427,0.32935208
0.31445777,0.34682372,0.2891542,0.47323444,0.2928617,0.31651375
0.48100096,0.3984217,0.38182274,0.5935538,0.34002525,0.3760791
0.3482929,0.38891643,0.32461485,0.46184683,0.30790633,0.38637066
0.5152271,0.48227075,0.36683828,0.39183706,0.5095296,0.4936426
0.34369305,0.7906864,0.2703932,0.2641257,0.3543097,0.61697036
0.31805295,0.44716597,0.2327959,0.40588298,0.25442874,0.516426
0.37149176,0.38301128,0.41428927,0.502769,0.37195083,0.27624288
0.38587183,0.28963426,0.24370044,0.40620977,0.28350595,0.3797297
0.24801126,0.36373195,0.442322,0.33976707,0.49394354,0.40427944
0.38609722,0.35902256,0.24517836,0.5380672,0.26015392,0.29887488
0.50130177,0.51034826,0.8120231,0.629334,0.68466884,0.34887195
0.32280138,0.3401656,0.32407308,0.365501,0.29518673,0.34142023
0.31773818,0.33769804,0.31500724,0.4685849,0.29796493,0.3713918
0.28595507,0.3531218,0.4006405,0.5272283,0.4103696,0.45472255
0.412232,0.38641736,0.35127562,0.35427988,0.37478533,0.30027926
0.32787627,0.28682292,0.2981824,0.36264318,0.26937217,0.35478657
0.35167134,0.3480791,0.3622833,0.450826,0.34609914,0.35656777
0.26315573,0.25214016,0.28802118,0.6483351,0.21292424,0.25301564
0.31322274,0.31853274,0.2610519,0.3148578,0.2840205,0.48535746
0.3794555,0.33613643,0.402596,0.41455445,0.36847943,0.34715375
0.4095455,0.38518265,0.3460709,0.42612967,0.36111632,0.3016099
0.4111646,0.3864357,0.2762406,0.4292621,0.28364366,0.3589075
0.28855777,0.2999957,0.29582408,0.3821973,0.27949005,0.34147912
0.35949162,0.39535683,0.23663251,0.38349274,0.3039491,0.37446743
0.36361134,0.3010882,0.28627872,0.39216977,0.3169799,0.34234238
0.33612287,0.33662942,0.3106245,0.3690685,0.28429008,0.37945747
0.39548796,0.36847726,0.319542,0.47196704,0.29766864,0.38668075
0.3866208,0.3422558,0.34120652,0.36861882,0.440882,0.26987407
0.36910507,0.39384013,0.3441191,0.39020413,0.3317088,0.3408421
0.47541305,0.70035934,0.69408864,0.44042975,0.63096374,0.686038
0.28542116,0.25937343,0.2640147,0.42282218,0.26672357,0.27932006
0.40665033,0.51225644,0.43462774,0.49217024,0.34818926,0.5884003
0.45017633,0.5641975,0.42051864,0.37494287,0.49723062,0.43555447
0.448745,0.31344685,0.30044514,0.3923661,0.37374666,0.3437002
0.38133666,0.3424638,0.42986345,0.37246025,0.39249307,0.37185404
0.3749145,0.33929333,0.30630228,0.39843386,0.3179551,0.38041005
0.3800225,0.46213534,0.35422564,0.45100236,0.3561224,0.4221647
0.3745409,0.36342677,0.36491936,0.48695642,0.3297626,0.3806278
0.29473352,0.29852733,0.3108778,0.44370696,0.26731628,0.3921714
0.5073084,0.4030485,0.36328706,0.38405696,0.4473678,0.29321468
0.44290486,0.39069748,0.37139434,0.43321422,0.33773428,0.34450355
0.27630243,0.24327828,0.31375656,0.4039622,0.39078552,0.38134253
0.47220847,0.4088782,0.36037672,0.37813857,0.42889908,0.39023843
0.374314,0.3598777,0.35545784,0.39601427,0.38011858,0.37094635
0.5009213,0.3708346,0.3950744,0.47246075,0.45742822,0.35088703
0.32818082,0.28785506,0.34869117,0.42637175,0.28201157,0.36342597
0.45002455,0.45280215,0.4237478,0.43634665,0.4294181,0.45096073
0.33291885,0.31591877,0.37702414,0.37750846,0.36940503,0.3718184
0.2897991,0.38778552,0.28546858,0.2928341,0.322042,0.49577093
0.35009408,0.35195243,0.2652575,0.44350886,0.2541599,0.35325992
0.3178115,0.25068474,0.26838753,0.4637279,0.26865306,0.27918655
0.32573456,0.40897843,0.39971313,0.38455442,0.37115958,0.3859286
0.6452873,0.7755727,0.75706416,0.50660783,0.752342,0.625447
0.4784596,0.37679544,0.26243803,0.3671415,0.3360722,0.3131494
0.3162077,0.27911,0.22260761,0.45069608,0.3176561,0.33220154
0.39179677,0.4199218,0.34790587,0.502253,0.37752113,0.41541713
0.33749998,0.56487995,0.375905,0.48252043,0.35254288,0.4948861
0.5235019,0.38947245,0.28393292,0.47757038,0.31262878,0.35042337
0.4461274,0.43610522,0.2895273,0.38850778,0.36338022,0.34447822
0.37675738,0.3702073,0.31518382,0.3122244,0.34526587,0.32656527
0.4233981,0.35809124,0.37933394,0.3782235,0.46221578,0.26672515
0.39940318,0.5541222,0.33289093,0.5766877,0.33405662,0.52223456
0.6936676,0.5760022,0.7577113,0.5504167,0.846137,0.7687522
0.3558313,0.32330966,0.24373427,0.48045766,0.2501613,0.27554077
0.3747768,0.36493674,0.3316156,0.43097243,0.3769909,0.32693487
0.3641224,0.40203634,0.30715117,0.4578777,0.33294058,0.38372758
0.28201216,0.22341444,0.27847156,0.26083905,0.25902915,0.38143116
0.3338842,0.4058676,0.39657435,0.46604386,0.45913005,0.36565802
0.37551665,0.5131679,0.29125053,0.50594634,0.30600753,0.40964007
0.3352269,0.32775778,0.33482376,0.40505305,0.2843154,0.3634565
0.29475456,0.30353707,0.28663182,0.4277927,0.2755623,0.38735896
0.35260382,0.3528785,0.37673047,0.37193567,0.32816115,0.36108977
0.3383699,0.2992347,0.32441527,0.3107987,0.35872248,0.4153583
0.37658763,0.37024406,0.3393534,0.46233937,0.3048203,0.31479183
0.38142076,0.36480036,0.2923287,0.45306677,0.31869447,0.35578647
0.3768389,0.40912426,0.31375125,0.46512794,0.2871227,0.40887612
0.3548577,0.38924766,0.3400274,0.50886405,0.32939783,0.36487007
0.27681884,0.3744413,0.28810117,0.40420735,0.33102813,0.34988144
0.3266213,0.33707607,0.3285521,0.4110393,0.36050415,0.3604442
0.5147708,0.41052613,0.42840683,0.4565673,0.45514965,0.38295698
0.35638878,0.34211802,0.28563908,0.38905916,0.29022428,0.32108727
0.33232087,0.3011212,0.3521805,0.35898057,0.32006744,0.36353338
0.44489354,0.44490248,0.28005773,0.34955925,0.36370075,0.3647324
0.3340758,0.4924667,0.6459299,0.5929979,0.43633193,0.499898
0.54184717,0.45655942,0.3318476,0.45969862,0.3255782,0.5268984
0.39822024,0.48496667,0.40197057,0.49824542,0.47291955,0.4669407
0.47471103,0.37909356,0.32300863,0.5952684,0.32738322,0.34763667
0.29493284,0.3546696,0.3217457,0.50925046,0.30655646,0.36361125
0.28670233,0.5126136,0.2356284,0.6306875,0.28127906,0.4142502
0.2762697,0.35720325,0.38294375,0.5229003,0.3603568,0.28887698
0.36999062,0.39666802,0.32375076,0.39317372,0.3032264,0.3444751
0.3952267,0.5080761,0.45564216,0.4340039,0.35547048,0.39382583
0.31880483,0.38939738,0.3806699,0.4757998,0.34253764,0.37827876
0.37551504,0.37008756,0.35523343,0.40908766,0.3205659,0.40264264
0.39009476,0.4223353,0.43764395,0.5075471,0.4018942,0.4025423
0.33257076,0.32110327,0.25902402,0.38470715,0.28883737,0.39690602
0.38606367,0.3285895,0.3152021,0.5055442,0.287275,0.31597856
0.37048215,0.41629606,0.23552576,0.29769123,0.32387397,0.27749282
0.37896386,0.46618804,0.3336935,0.36466685,0.43976653,0.45886394
0.4774496,0.37256506,0.36183247,0.41542497,0.38256663,0.28081566
0.32068825,0.5361587,0.6324175,0.46338323,0.6305578,0.4767516
0.3831474,0.37859437,0.33298466,0.4582782,0.2957086,0.3496551
0.67209506,0.55005085,0.5416376,0.6179802,0.61787885,0.41820452
0.38601357,0.5968962,0.388349,0.5993772,0.2881165,0.44511497
0.32973215,0.41264725,0.37538427,0.35484472,0.34096158,0.5173312
0.26427904,0.30232033,0.24732192,0.43405348,0.20680077,0.34742165
0.3444225,0.38518348,0.32188746,0.42511877,0.2672261,0.37007228
0.40278313,0.5029188,0.39011088,0.35582367,0.38810325,0.36109152
0.35432607,0.34890166,0.3237872,0.39854583,0.33602038,0.34326246
0.30446762,0.3490519,0.32697424,0.46533597,0.26197782,0.3751929
0.33268753,0.29482394,0.3012888,0.3330884,0.28860396,0.33871806
0.5146696,0.5527423,0.37680078,0.3174796,0.5163229,0.43759114
0.40811166,0.3278675,0.3376215,0.43415913,0.38433626,0.34287906
0.28760126,0.29421663,0.31667185,0.35683298,0.3179966,0.391854
0.470754,0.37873653,0.37204996,0.34883547,0.43075764,0.29538676
0.33501673,0.40594396,0.37922353,0.45056432,0.3401093,0.38845554
0.3301734,0.32984596,0.2931284,0.33380523,0.31173316,0.334568
0.47286558,0.39829496,0.25995508,0.4526113,0.28527212,0.28265294
0.37781265,0.4451706,0.27151737,0.44357458,0.22413085,0.5177513
0.32673204,0.29243025,0.33028057,0.39954302,0.2877146,0.38708806
0.35112473,0.4502439,0.39676452,0.42609695,0.43149695,0.3638784
0.3125694,0.33357066,0.3202439,0.40142417,0.33424678,0.35011613
0.29985526,0.22222261,0.22948907,0.57425565,0.2762414,0.4041469
0.33355495,0.30609664,0.2647412,0.44528493,0.23113634,0.33402893
0.45005015,0.44839364,0.3427971,0.49486512,0.32976067,0.38236997
0.39199066,0.32713768,0.32386944,0.42158478,0.32972252,0.2934967
0.33367124,0.32339236,0.25835514,0.4783425,0.24470903,0.31144527
0.31789568,0.3394107,0.2520156,0.3678199,0.26240733,0.3343467
0.38475975,0.32789704,0.4800897,0.4844713,0.41351524,0.39884242
0.40474054,0.41663483,0.40468782,0.4803061,0.3559746,0.3559324
0.35749638,0.32629043,0.32046396,0.33684713,0.32912502,0.429197
0.3237789,0.5002041,0.42595935,0.49113655,0.32630327,0.4294863
0.37217918,0.39712963,0.34496194,0.46053457,0.37679678,0.45706883
0.38086402,0.34166586,0.33884865,0.41635498,0.33677185,0.35532162
0.37438527,0.38820505,0.35008612,0.56656307,0.3730282,0.30336276
0.39238888,0.35417998,0.2932579,0.41933334,0.28683412,0.35915738
0.5002883,0.6479319,0.3827747,0.6927286,0.47496277,0.38590062
0.3624141,0.43496844,0.41045988,0.503741,0.41391245,0.43871412
0.3759054,0.34944037,0.27979016,0.47663757,0.28360417,0.35955682
0.35073602,0.2864133,0.3014029,0.34715563,0.29438463,0.34033298
0.34827456,0.3629235,0.32231542,0.563914,0.33637157,0.35168183
0.3828186,0.4024205,0.2867712,0.45767462,0.2785014,0.41802302
0.42633688,0.32993013,0.24165723,0.5028846,0.32887268,0.4050668
0.44657418,0.43936762,0.5460824,0.41762236,0.47960106,0.37213317
0.34850445,0.30718955,0.26127663,0.3670778,0.24605058,0.30379677
0.44700468,0.37998712,0.335904,0.47885427,0.40694928,0.36392882
0.4838008,0.38774347,0.34982887,0.51657873,0.44355038,0.35117486
0.4334959,0.419252,0.36250427,0.3379085,0.40825757,0.39197537
0.43585533,0.46325952,0.35886908,0.567624,0.2824795,0.40718144
0.4292443,0.3317199,0.39749205,0.34473696,0.4047781,0.37954164
0.36092234,0.3623747,0.27027062,0.46819314,0.25964916,0.29841134
0.31779844,0.4666255,0.60311145,0.72971886,0.3178041,0.38473815
0.35819542,0.3579018,0.25535414,0.36676338,0.29220265,0.39400733
0.44337976,0.3808763,0.394842,0.46871963,0.39474776,0.39101183
0.4463449,0.37831855,0.32926342,0.40919608,0.4086519,0.40379682
0.46557447,0.60061306,0.4877075,0.49794522,0.47880664,0.5041838
0.3848924,0.34969705,0.31047744,0.5324809,0.2596003,0.3692575
0.31337953,0.3014435,0.23740685,0.49573517,0.2460291,0.28053033
0.35166126,0.31462586,0.30675164,0.35363638,0.33109152,0.31749764
0.31644633,0.3788281,0.30270505,0.3911459,0.3049045,0.3711772
0.35338703,0.39202976,0.32205915,0.6065188,0.24742718,0.3415954
0.32947135,0.38157794,0.32184413,0.41647652,0.29200298,0.37767127
0.31885374,0.33430955,0.37920618,0.42445543,0.3992568,0.3453108
0.2849948,0.27560323,0.2551847,0.42595717,0.26017463,0.38355336
0.34008446,0.3309455,0.3528811,0.45153856,0.3545582,0.37737408
0.32381213,0.46934736,0.30459625,0.44988942,0.35836762,0.39569074
0.30391905,0.36536512,0.27759007,0.47022423,0.28056666,0.38200963
0.3663215,0.3770778,0.37606108,0.3846338,0.38574302,0.37196505
0.32792917,0.28664124,0.31013814,0.42562976,0.32043958,0.38083196
0.38882446,0.33049804,0.3484547,0.39011046,0.41007215,0.37329426
0.33526176,0.2749189,0.32918906,0.43764704,0.33962917,0.36109033
0.38296607,0.43594456,0.49743137,0.44221768,0.5159662,0.4201919
0.39580324,0.3679954,0.28485364,0.4673504,0.26527402,0.34091365
0.273722,0.3584032,0.3002317,0.43376046,0.2513295,0.4243798
0.42722237,0.25388077,0.36476275,0.23690091,0.2093786,0.22663236
0.39398035,0.28250906,0.23460011,0.3655191,0.27464628,0.34738716
0.25089106,0.30425185,0.23490648,0.54705864,0.19912045,0.38706347
0.36735892,0.31879678,0.30962384,0.30274862,0.33621997,0.43193716
0.3689251,0.48905236,0.41474098,0.41071525,0.40092373,0.45488924
0.25160873,0.18774779,0.15921135,0.61511844,0.13768315,0.2560087
0.42636546,0.4915305,0.50276554,0.5027223,0.5909759,0.49136123
0.27245033,0.35038474,0.2833991,0.44819024,0.15319623,0.37013316
0.41913262,0.4617406,0.382629,0.5208616,0.40018156,0.4296745
0.34786642,0.42066288,0.4369556,0.4816223,0.39745557,0.4751319
0.34064764,0.39894763,0.450085,0.43989834,0.40266263,0.42299995
0.3832357,0.3347732,0.3084958,0.47940743,0.37251282,0.35728267
0.37936068,0.43691167,0.32617065,0.47012854,0.34175524,0.3971808
0.34539357,0.3520118,0.37015244,0.38082987,0.36288747,0.38164648
0.52845955,0.4684378,0.53951526,0.5043505,0.611908,0.49503765
0.28592974,0.3092035,0.26638472,0.40507513,0.24939916,0.25874096
0.36434382,0.31460217,0.35452726,0.37996337,0.3498922,0.34095627
0.33046955,0.30605,0.26017362,0.4222166,0.28845,0.3531951
0.38797107,0.36813685,0.36784354,0.4125321,0.3819823,0.35887727
0.38168994,0.38023052,0.5763013,0.66233534,0.51236296,0.4435649
0.3479607,0.45910132,0.4646458,0.4043422,0.3966684,0.5938635
0.34241173,0.34442437,0.24616234,0.46252146,0.24796647,0.37813866
0.29550496,0.3491203,0.36112824,0.3999728,0.3070037,0.329063
0.32261813,0.37643147,0.34152275,0.43983504,0.3467531,0.36306217
0.27029514,0.2684679,0.22478458,0.51372045,0.27606112,0.3397507
0.59687287,0.7883787,0.6046275,0.4600983,0.67630464,0.5360739
0.37604395,0.60012853,0.45934805,0.5127604,0.48555508,0.53932685
0.50079024,0.44485837,0.28017467,0.49718228,0.30856603,0.3765275
0.35690236,0.35396403,0.31552416,0.3779388,0.31983945,0.31461367
0.35773093,0.34362265,0.3584362,0.45967513,0.38165164,0.43959108
0.40259826,0.33503932,0.29625356,0.4066886,0.35133246,0.38396344
0.41884103,0.35437295,0.35685048,0.33988288,0.32969424,0.30800346
0.3869455,0.43712217,0.4071567,0.3746603,0.41898775,0.4460864
0.44656262,0.6958942,0.32988194,0.45142123,0.31426045,0.6719988
0.38052988,0.30735552,0.28125638,0.32535124,0.30495974,0.29883286
0.44823828,0.3611635,0.34642044,0.4341715,0.3798052,0.2803475
0.33330354,0.30252013,0.2859519,0.32884234,0.2965518,0.35554016
0.35835916,0.41371387,0.34197336,0.37769267,0.39055002,0.439945
0.33055395,0.42886198,0.2508045,0.3636881,0.33005872,0.3504669
0.33021668,0.38302022,0.31897214,0.36970127,0.31150395,0.43084195
0.339959,0.3850939,0.3117464,0.40207705,0.29145512,0.41414323
0.31392366,0.47153443,0.2638223,0.52407336,0.29620314,0.45362997
0.25443864,0.36736605,0.22828211,0.40195808,0.19871819,0.31824264
0.36339507,0.37672448,0.2770407,0.27292892,0.2891759,0.53049064
0.35371852,0.37930533,0.33147612,0.3854642,0.32936528,0.37746444
0.30267712,0.31931725,0.2582904,0.3825638,0.30956408,0.38345993
0.3338927,0.29494005,0.32338068,0.53147155,0.26759142,0.27625453
0.24077936,0.36796308,0.3512253,0.41047868,0.2721891,0.40012154
0.30118588,0.22701454,0.21836059,0.3939113,0.2406528,0.25009468
0.28693613,0.42274538,0.30075055,0.48740166,0.31454262,0.33898088
0.42632252,0.3622642,0.3609195,0.43398085,0.43606338,0.36644477
0.28360322,0.38475302,0.3120544,0.5639822,0.23409463,0.38125852
0.34236652,0.38417485,0.36718377,0.4558641,0.37548548,0.5020699
0.3610561,0.5231782,0.41824418,0.511046,0.46244675,0.42359838
0.25036034,0.2924739,0.271689,0.52746964,0.21756192,0.28151062
0.4015883,0.41045693,0.47350273,0.48911235,0.40471375,0.43916547
0.36947188,0.36647817,0.34408286,0.47949448,0.27683607,0.3297039
0.3717765,0.39941713,0.3289036,0.3395231,0.27994195,0.43179202
0.36277956,0.31586647,0.24172996,0.40794754,0.26982,0.34715238
0.3396355,0.3228249,0.2580859,0.31907323,0.28164598,0.31732175
0.39189565,0.36800024,0.33932906,0.4880893,0.30400962,0.4400339
0.50598687,0.45578757,0.47680035,0.44848165,0.43400732,0.40788388
0.37911433,0.35428768,0.3239747,0.35548586,0.31707555,0.35312548
0.34947923,0.35038388,0.39214692,0.40704256,0.37044024,0.39774022
0.4012942,0.46694323,0.40517804,0.4022167,0.4153101,0.45841044
0.33290288,0.29321644,0.33535135,0.37564582,0.30825728,0.3341786
0.3766548,0.41127115,0.3529889,0.45976266,0.37745145,0.39547354
0.2737446,0.46153882,0.38817537,0.34426022,0.29684228,0.484191
0.36256504,0.2619558,0.27597284,0.3236045,0.28100973,0.40171695
0.39816993,0.2943436,0.44515732,0.340343,0.5109278,0.4003223
0.35371336,0.27836758,0.26281992,0.38255888,0.30174977,0.32947657
0.33221093,0.4293107,0.37274256,0.32026994,0.3411653,0.40762863
0.4797581,0.45310903,0.36587557,0.49553123,0.3770099,0.35827094
0.46074396,0.18167266,0.2467877,0.24400124,0.36170328,0.23298244
0.4084792,0.5190969,0.44512352,0.46690702,0.34799036,0.41603842
0.30886096,0.28713578,0.30802968,0.3802485,0.3188468,0.31339175
0.46347356,0.59072506,0.35131493,0.56054616,0.36436057,0.4117914
0.37840536,0.38657057,0.32175276,0.4132845,0.34304765,0.3590277
0.2814674,0.27193573,0.21879433,0.345112,0.23416176,0.2922839
0.3009518,0.3600498,0.4021035,0.38226143,0.3457992,0.4960729
0.6231148,0.71513885,0.65898085,0.5862051,0.5742707,0.4387344
0.5102424,0.49242234,0.27330485,0.56566364,0.28740916,0.55211955
0.31541535,0.28395927,0.25958347,0.3382068,0.33733132,0.29082635
0.5095095,0.5812323,0.5700577,0.58643055,0.73229074,0.45650437
0.36038217,0.44810972,0.23250294,0.44976422,0.2512664,0.36259198
0.48394305,0.39741313,0.3955617,0.41951376,0.40903768,0.3740004
0.43674526,0.37278467,0.37707478,0.43639717,0.33728093,0.41400748
0.59019995,0.7791952,0.633399,0.56469774,0.5409902,0.53111714
0.52109724,0.39791682,0.38733,0.44041187,0.45605543,0.3842311
0.34395462,0.35617846,0.482531,0.35742715,0.4039796,0.50498873
0.3908502,0.35471368,0.33343273,0.35185277,0.3744762,0.31185922
0.39322257,0.36653042,0.33457607,0.41886622,0.32591984,0.40182132
0.36155662,0.3973826,0.44159043,0.43556687,0.37924084,0.42896685
0.29227793,0.3284018,0.35139441,0.4083297,0.33194223,0.35707653
0.34814498,0.3096615,0.28083462,0.33756292,0.33915076,0.41492975
0.35044658,0.33520022,0.25151637,0.3497183,0.27552477,0.3137751
0.40962452,0.42575678,0.38662195,0.43677622,0.34786093,0.38346377
0.33034107,0.35595202,0.27706122,0.39131683,0.29250053,0.29253694
0.4341313,0.32128027,0.38688648,0.4640786,0.32553604,0.32752237
0.3097225,0.4561133,0.25406617,0.4227526,0.28298315,0.40279183
0.32391444,0.29554206,0.2965834,0.38686973,0.30116904,0.40313268
0.3633436,0.31062368,0.2593854,0.3612671,0.2472273,0.37871954
0.34665006,0.35810316,0.33908713,0.35474873,0.32633138,0.41106385
0.2694253,0.18428753,0.25165406,0.372427,0.20543076,0.3723489
0.3776881,0.4248353,0.3865494,0.39813024,0.4081443,0.3047681
0.3940206,0.4173807,0.38309216,0.5022309,0.36734253,0.36046022
0.3290726,0.31781125,0.3733115,0.45493695,0.3568747,0.34688333
0.3089394,0.36585557,0.61653775,0.40569648,0.537304,0.48828173
0.38800177,0.4569868,0.35908663,0.35458183,0.39403042,0.39197746
0.5155442,0.3781254,0.32873264,0.7073546,0.33837315,0.3919632
0.32517105,0.41363382,0.31551996,0.38063553,0.26680157,0.29215428
0.30701596,0.35024634,0.32458994,0.28269324,0.25497797,0.4094492
0.33914587,0.43717232,0.25852683,0.36105943,0.35203436,0.4172524
0.307714,0.24769641,0.2739318,0.40776572,0.26624095,0.35941434
0.4837717,0.29966465,0.31360248,0.45286608,0.3001114,0.33098072
0.295925,0.3125721,0.2383051,0.37796235,0.26104435,0.2761512
0.44679642,0.27927434,0.40353057,0.5069731,0.22613323,0.43305683
0.3777839,0.33950037,0.3341407,0.30394775,0.39294377,0.3950127
0.4075806,0.40333822,0.26487732,0.46762502,0.27936268,0.35568765
0.26740313,0.33966625,0.24740244,0.42110848,0.23104352,0.4440364
0.5807342,0.46349075,0.48683155,0.41465914,0.6347186,0.4491074
0.35808516,0.28423762,0.26365894,0.40044436,0.32526955,0.33764544
0.34101686,0.3582681,0.37480983,0.41454816,0.35694697,0.38174978
0.48086643,0.7366891,0.42693678,0.37894052,0.6161962,0.75781333
0.40685,0.3704448,0.32272407,0.44830889,0.29935423,0.26038697
0.42318586,0.57463485,0.41622892,0.5301491,0.40351275,0.5811005
0.33201942,0.36832356,0.36844704,0.4074769,0.36719346,0.45315412
0.3219744,0.22356185,0.2568016,0.3619347,0.29624555,0.30757388
0.4415864,0.44725657,0.38592088,0.4786936,0.3887922,0.37118247
0.47823608,0.41766712,0.29584953,0.5278287,0.3636491,0.37913665
0.41286457,0.28374112,0.29977208,0.37915573,0.29750937,0.33660424
0.38074183,0.3684535,0.30809614,0.36733064,0.31179556,0.45083854
0.5440408,0.38638774,0.37052453,0.48267078,0.36766735,0.26437286
0.36518013,0.39580226,0.33311343,0.367048,0.33890313,0.36770836
0.52198684,0.48909038,0.37111798,0.32756802,0.5532536,0.39674288
0.3434487,0.35246897,0.33498052,0.47604105,0.29498968,0.35167405
0.2980864,0.4371254,0.2800491,0.5805044,0.25165978,0.37366617
0.37265673,0.3321231,0.320855,0.45024413,0.3379281,0.4224579
0.36370346,0.31858978,0.27372628,0.35295367,0.3110091,0.33416593
0.2571614,0.24295539,0.30462095,0.31296745,0.3018004,0.3697369
0.48038173,0.4333605,0.33210155,0.44572797,0.39561686,0.39029217
0.2924274,0.37088013,0.40471306,0.40170318,0.31581932,0.45879284
0.304902,0.42431137,0.4180684,0.4386443,0.30752018,0.41848266
0.45109037,0.33367035,0.34270027,0.47289172,0.37598726,0.31321904
0.41887784,0.336754,0.430936,0.46311402,0.36543414,0.3411845
0.38716456,0.40964183,0.32304737,0.50849164,0.31035897,0.32346553
0.37930435,0.31306234,0.23651788,0.47437936,0.24670167,0.35893613
0.31234047,0.42705193,0.6118675,0.4455849,0.5260268,0.5012292
0.38416156,0.3401592,0.30093747,0.56395143,0.27131692,0.30865267
0.43759742,0.41637787,0.35003194,0.47444573,0.38277006,0.2974156
0.37975624,0.3436615,0.30146375,0.36727393,0.30929184,0.3817445
0.44375926,0.42944917,0.41542742,0.47027653,0.4382783,0.5484605
0.33874342,0.41471672,0.32151514,0.3962243,0.32877278,0.36263517
0.36506826,0.37062433,0.34120837,0.44080266,0.29307744,0.34821036
0.34739617,0.33028615,0.28808886,0.39373863,0.28336117,0.3568056
0.3829591,0.37257913,0.37189353,0.48785198,0.387016,0.47716898
0.3131739,0.30801278,0.30009025,0.3607709,0.25821579,0.34351134
0.32109192,0.35052872,0.32020047,0.43023378,0.3255052,0.30270725
0.3843154,0.3423549,0.2895086,0.50219846,0.31343964,0.39748824
0.33336878,0.30257803,0.25200266,0.31594017,0.24083921,0.29881513
0.50166124,0.39152563,0.35101804,0.43516943,0.33466816,0.34746227
0.3550897,0.35510793,0.27702558,0.36098152,0.31351185,0.37969482
0.38627955,0.347843,0.31974316,0.33578187,0.32920668,0.40244466
0.29885164,0.32700709,0.24644487,0.4302496,0.25280225,0.33880982
0.36241135,0.3713267,0.38925812,0.39039293,0.3275899,0.510437
0.35883427,0.3355182,0.27423322,0.3736009,0.2573219,0.31283662
0.5101636,0.47580153,0.3149283,0.53390586,0.36534443,0.39972058
0.40609804,0.29072046,0.24925259,0.38006988,0.2766873,0.30089664
0.3179461,0.3484454,0.30511457,0.3495848,0.2970579,0.35690472
0.59460294,0.3876264,0.32826197,0.5800207,0.27856225,0.3983513
0.26617318,0.37796426,0.33771777,0.3850767,0.2676849,0.31606767
0.38833442,0.4153115,0.38749164,0.46241772,0.4126356,0.3321386
0.45563135,0.4102203,0.3400868,0.45640317,0.32744053,0.363257
0.3862816,0.36393824,0.28829938,0.40291938,0.3649367,0.33756533
0.3638512,0.37397942,0.26691622,0.3393088,0.30742222,0.33354908
0.44208524,0.42031348,0.45104712,0.5356406,0.47936028,0.53951335
0.30312806,0.35183802,0.33705688,0.43781492,0.2821474,0.472329
0.4075468,0.33810115,0.29521123,0.3581204,0.33922508,0.35099253
0.35482618,0.3255256,0.3155272,0.35187396,0.40930423,0.37575257
0.34062195,0.31468248,0.29240605,0.41332546,0.27759168,0.3111882
0.50949925,0.40732726,0.33842432,0.53625757,0.34207562,0.31373826
0.32348722,0.45423356,0.31066474,0.3390945,0.31816444,0.44179514
0.4299415,0.58783877,0.54540277,0.58984053,0.46622187,0.32852846
0.37790275,0.4677228,0.3269392,0.38231048,0.45230496,0.48648185
0.4083407,0.4040272,0.31389466,0.51683533,0.35321942,0.33183557
0.41683212,0.53079003,0.5835771,0.5107131,0.54022515,0.5049813
0.38494977,0.3345379,0.40312165,0.504114,0.3518966,0.33582348
0.36753118,0.30555356,0.3030173,0.3726217,0.3092362,0.35199335
0.37804538,0.3368215,0.27423504,0.34753624,0.3200418,0.30430517
0.34272265,0.34086666,0.26109034,0.4318117,0.28631842,0.3868729
0.33279103,0.3445186,0.2604303,0.39111456,0.25502935,0.31654903
0.30807832,0.24908361,0.30771717,0.34345564,0.31784537,0.38067886
0.3480035,0.32852146,0.39082602,0.39894354,0.4435661,0.3407505
0.37771687,0.35756811,0.35381082,0.4623387,0.35884815,0.38031468
0.37442464,0.8518919,0.7168742,0.6406976,0.5311783,0.39925888
0.49923763,0.6047716,0.36229435,0.63373613,0.40044612,0.20250838
0.34159148,0.41885334,0.4707695,0.51982915,0.33384827,0.41056815
0.3586161,0.42947316,0.30812484,0.45359308,0.3926062,0.33532202
0.25160873,0.18774779,0.15921135,0.61511844,0.13768315,0.2560087
0.31109288,0.34984267,0.23765871,0.38518074,0.24880627,0.30475792
0.4067235,0.40151897,0.36439466,0.44744843,0.36259675,0.43936327
0.416863,0.72552526,0.6120877,0.48789525,0.49264544,0.44837892
0.27463156,0.31917545,0.24227484,0.42727554,0.26501405,0.37983382
0.37143573,0.41473007,0.41707486,0.44411147,0.41694438,0.47090614
0.28940496,0.7774932,0.65217507,0.66107094,0.5059564,0.6880781
0.3749168,0.360942,0.41148797,0.549755,0.36706036,0.4081584
0.34473363,0.35699618,0.3115712,0.39640465,0.3267222,0.3426954
0.3377289,0.3821576,0.31343848,0.4129487,0.25070313,0.35303965
0.34363836,0.27793142,0.32077226,0.3421545,0.2767065,0.3178545
0.4037877,0.44148925,0.4228815,0.40395185,0.35501072,0.29726216
0.40222695,0.3923474,0.36876148,0.3605686,0.37474084,0.31468356
0.3446248,0.4423858,0.34454468,0.46007362,0.31112063,0.38609684
0.3123183,0.29360253,0.27242577,0.511711,0.2894171,0.35879248
0.33079147,0.32054424,0.2556763,0.46330994,0.22273776,0.32119521
0.30013403,0.316155,0.29958037,0.37765372,0.30488995,0.3790572
0.37043452,0.28649405,0.28087276,0.43097672,0.31524703,0.31947893
0.32255754,0.3239442,0.2342484,0.32719535,0.27986333,0.30913994
0.38152766,0.43561178,0.3296745,0.42912754,0.32190934,0.39462543
0.35988584,0.24847455,0.2950686,0.37219742,0.29687092,0.2863046
0.28573534,0.33595702,0.29928294,0.45471513,0.25638464,0.3349173
0.3394194,0.3064203,0.25461796,0.4228659,0.28144565,0.32256427
0.3496076,0.41650084,0.34185588,0.41200325,0.33637556,0.3589404
0.33540323,0.3593637,0.3037006,0.47379208,0.29279494,0.34018615
0.35511768,0.36813217,0.44861734,0.5065698,0.37926316,0.27193594
0.45816046,0.5938952,0.51588625,0.31696638,0.54963726,0.44045392
0.37909046,0.37908873,0.33716488,0.42196617,0.36978027,0.34035528
0.44255075,0.36804038,0.3580555,0.4419817,0.35273665,0.38502038
0.31569672,0.3046866,0.22252925,0.47620985,0.25885263,0.31450328
0.24314058,0.36776316,0.2985291,0.38318586,0.18611813,0.34279895
0.38111106,0.4163119,0.40640947,0.42612478,0.38460824,0.41571686
0.44215453,0.4444428,0.33662352,0.41914135,0.38105273,0.37749118
0.44035435,0.4069336,0.34301385,0.5481704,0.3801221,0.31592625
0.38825473,0.45056337,0.3843471,0.40942007,0.39632306,0.46958023
0.30617762,0.33909008,0.36209816,0.61790514,0.29090595,0.33432686
0.36801547,0.45674777,0.4667909,0.4709323,0.40562147,0.4761002
0.36137095,0.33603612,0.28581998,0.50064206,0.30865905,0.33329594
0.3167911,0.3510765,0.34444806,0.38627836,0.31511357,0.36442265
0.34633487,0.49284616,0.26557148,0.36179388,0.31707627,0.5074771
0.4172155,0.38934806,0.2826524,0.37847403,0.288576,0.33149827
0.3916827,0.43833104,0.41423017,0.46595,0.4101993,0.38359338
0.30059606,0.38279936,0.3140238,0.5112372,0.3100066,0.42657095
0.35824066,0.35424674,0.29558253,0.4083376,0.31678298,0.33274508
0.24087107,0.29619816,0.18663706,0.41276518,0.19154127,0.382262
0.47091198,0.37111914,0.32888,0.3841554,0.34380674,0.37836242
0.35577464,0.30358922,0.40423465,0.3930231,0.42199895,0.280257
0.45655024,0.42754483,0.614886,0.46684545,0.44000137,0.51607394
0.35984638,0.36211038,0.34383237,0.43083763,0.3613768,0.37604955
0.29690704,0.39004397,0.2813348,0.42344108,0.25807717,0.37821606
0.35342312,0.28185648,0.301248,0.35594362,0.36350513,0.3191824
0.279035,0.5015339,0.53693783,0.39988852,0.62221545,0.45536956
0.33896646,0.40367007,0.3391929,0.4228855,0.34157062,0.3576475
0.33929765,0.35115075,0.28951833,0.37986216,0.30073205,0.45837745
0.2957214,0.26423416,0.241125,0.3427587,0.28145233,0.34083045
0.29240215,0.31441793,0.20278817,0.3606658,0.28086433,0.3089818
0.40282616,0.27364716,0.28125116,0.5083894,0.26907703,0.35758883
0.34410214,0.5920217,0.33078974,0.40179366,0.325383,0.58874434
0.31775427,0.3555152,0.3602347,0.43482023,0.30756673,0.352307
0.35320035,0.28619522,0.25461733,0.45957747,0.27378374,0.33916003
0.28219497,0.32353246,0.34413904,0.423782,0.37951872,0.32392877
0.27608773,0.33186162,0.29873183,0.50621814,0.19663118,0.30439433
0.40342632,0.37920454,0.40194437,0.36591193,0.35231414,0.4033718
0.35297635,0.34995884,0.3421502,0.44138962,0.32785758,0.3913826
0.28352842,0.25632092,0.2878696,0.5383802,0.21020325,0.31167218
0.33393717,0.3680421,0.34006533,0.39020684,0.33289558,0.3568845
0.30234185,0.31239736,0.24716486,0.3488826,0.2884444,0.28242755
0.42475837,0.4351045,0.32559347,0.467398,0.316615,0.29137677
0.46637917,0.4637437,0.38664582,0.44518262,0.42109117,0.44530535
0.37315527,0.5986661,0.3652283,0.79463065,0.47360247,0.2806974
0.31693062,0.3592167,0.37861475,0.39403614,0.35020435,0.39777666
0.3600228,0.38675606,0.36421904,0.46330786,0.34377906,0.37818888
0.43973035,0.4437522,0.43493477,0.46648782,0.42878848,0.40999636
0.35499954,0.25451836,0.26595157,0.3909387,0.29616502,0.251747
0.3221191,0.3360222,0.2974328,0.34092328,0.33954787,0.35814303
0.2332788,0.25876322,0.4039372,0.4061722,0.34391308,0.40493354
0.34721592,0.37055779,0.25870475,0.4585921,0.2371273,0.36694556
0.31916222,0.29433605,0.2370284,0.45729005,0.20439757,0.28758195
0.36662087,0.31300852,0.269238,0.36868528,0.2958592,0.27114224
0.27485037,0.3433342,0.22683786,0.53083456,0.26436377,0.30966473
0.49935162,0.6586867,0.43701538,0.5702125,0.3307934,0.4326611
0.48121318,0.33405313,0.28953433,0.45011297,0.30410686,0.37551653
0.38737845,0.37051362,0.41389847,0.45999157,0.40081334,0.41299188
0.42655063,0.42961293,0.33118412,0.39015558,0.41928405,0.39480507
0.29135302,0.32750663,0.22886384,0.47572976,0.24010181,0.35700777
0.44844973,0.55361366,0.28625304,0.42195883,0.31755245,0.44082183
0.3586982,0.33570287,0.3879227,0.41898686,0.467303,0.3109134
0.38100082,0.44100112,0.40535864,0.48090428,0.36348724,0.41965675
0.44324625,0.35019225,0.3108699,0.39638516,0.34732026,0.3605185
0.36824852,0.38269106,0.2601153,0.37657085,0.26610202,0.2570121
0.4146424,0.36091202,0.3832134,0.3140482,0.38165447,0.27385983
0.5334107,0.5730506,0.3337213,0.5371711,0.35448074,0.53379744
0.30611283,0.26710352,0.25642908,0.36706585,0.27259046,0.33697647
0.6490478,0.79175556,0.67967814,0.6883847,0.56065875,0.4893202
0.33362022,0.37410212,0.24948844,0.3459747,0.27217594,0.36966965
0.2807921,0.32413995,0.3039668,0.32784286,0.2924851,0.4439728
0.3131699,0.41627026,0.2698793,0.42477852,0.2675094,0.3736349
0.34253338,0.24105586,0.26155528,0.33378494,0.2750784,0.37105504
0.43316683,0.29222268,0.30057958,0.26328662,0.34698966,0.24801831
0.24453434,0.48283577,0.16371508,0.7683334,0.23654728,0.34339678
0.34768227,0.36997494,0.40661252,0.42365828,0.40801594,0.42702913
0.33470768,0.31299505,0.3029159,0.35156202,0.3017288,0.39764088
0.35332388,0.36238512,0.3348217,0.37701824,0.34706083,0.36659923
0.43133196,0.4258855,0.37338406,0.34621495,0.38479275,0.43485564
0.3952285,0.43707165,0.44403756,0.47650114,0.40516567,0.4386586
0.42037195,0.49574962,0.51402575,0.5071265,0.4288922,0.47184455
0.4040136,0.43942687,0.3197807,0.43860227,0.37350896,0.3621839
0.43793195,0.42704552,0.44418976,0.41567302,0.3724672,0.45167422
0.30448106,0.38889658,0.30587038,0.41706622,0.31681737,0.37156382
0.7810302,0.8046179,0.8946981,0.7729934,0.83124155,0.6455179
0.37074548,0.40529537,0.30754948,0.5184691,0.3084559,0.3646295
0.27026016,0.26838782,0.23563218,0.35629702,0.2571787,0.44804627
0.3243329,0.38853627,0.33620524,0.43820477,0.30539525,0.30236518
0.25756302,0.3151147,0.23260513,0.44883385,0.27139765,0.33810598
0.3361207,0.4581796,0.33128285,0.6678348,0.25535056,0.31139544
0.3672051,0.45240188,0.41338727,0.44632483,0.41155997,0.2929338
0.41149226,0.5443834,0.40879956,0.39722332,0.41457582,0.39456162
0.38518843,0.43253604,0.3337681,0.49140215,0.29997295,0.41041407
0.34634766,0.37035617,0.496342,0.6425306,0.27735528,0.33556646
0.3286899,0.3689319,0.31833968,0.39895546,0.30924004,0.4492625
0.41750717,0.32502785,0.21028309,0.50265986,0.2357878,0.36367604
0.3325969,0.30572224,0.26502353,0.32490832,0.27785498,0.3401183
0.4109248,0.36708254,0.35863346,0.35069364,0.43274015,0.56969833
0.34004456,0.44627482,0.3523569,0.4595067,0.33702332,0.3807371
0.32892156,0.6005537,0.47926423,0.5413789,0.3916576,0.5302938
0.33108968,0.37592262,0.36127615,0.3455055,0.35657945,0.43154693
0.36694217,0.3723959,0.44686687,0.3863853,0.38805938,0.4498573
0.30562174,0.3505784,0.3259332,0.34695098,0.2991931,0.37348136
0.3403419,0.39095184,0.2666427,0.45519644,0.2873227,0.31627294
0.30441296,0.35573924,0.4044012,0.46371245,0.3521842,0.37449098
0.36809143,0.33245897,0.31100878,0.43399608,0.31440014,0.29168826
0.35816455,0.3119958,0.31517538,0.36682376,0.29964498,0.40074375
0.36268735,0.39361122,0.27675024,0.40394127,0.29251125,0.40724206
0.33488402,0.2891244,0.24100216,0.34140202,0.26521316,0.28144723
0.2606459,0.2288344,0.20480631,0.4905373,0.20044382,0.2551444
0.4873282,0.3818382,0.38858503,0.39111438,0.3536763,0.3628802
0.44353157,0.24662726,0.27862325,0.3941607,0.25258198,0.23424704
0.34166548,0.43004373,0.3295584,0.42125937,0.31372863,0.3991783
0.3572566,0.2877466,0.23527506,0.38780373,0.241431,0.34082484
0.45210496,0.3028182,0.36059386,0.4119714,0.4163269,0.37284213
0.31106195,0.3537781,0.2759977,0.44654816,0.26432577,0.28599483
0.43848747,0.44217315,0.36345547,0.47146904,0.39099944,0.3977256
0.41216764,0.47625324,0.36435768,0.42422143,0.32831126,0.57222605
0.35647315,0.47097138,0.36975372,0.49512035,0.451085,0.549021
0.4173497,0.33754495,0.36807096,0.3934405,0.31771132,0.32951677
0.32616845,0.40307447,0.3927982,0.43057826,0.37432027,0.39459106
0.40432805,0.54011816,0.48749265,0.42203173,0.68504703,0.5449689
0.3166535,0.2395265,0.2916113,0.4327855,0.2907183,0.28550568
0.29080334,0.3561062,0.36294588,0.43457523,0.2988406,0.498972
0.41783857,0.38854527,0.4298584,0.47678593,0.34580153,0.36484486
0.32061574,0.29028946,0.30728745,0.42925268,0.24033831,0.38260594
0.33401728,0.39296228,0.25839713,0.3683798,0.28827664,0.37431118
0.35074437,0.42123657,0.33062106,0.37624234,0.3147481,0.38235062
0.3258467,0.35866392,0.355855,0.41376913,0.36590567,0.39862815
0.33502188,0.30695277,0.28092805,0.41059533,0.23276938,0.32624757
0.4680368,0.3579976,0.38585964,0.3501236,0.42125252,0.409279
0.3563153,0.37141103,0.30296627,0.43425924,0.317818,0.3528416
0.37727886,0.41202742,0.3812518,0.42902008,0.34098786,0.38688627
0.2952642,0.28736028,0.25169575,0.42251828,0.2992318,0.3280059
0.3408041,0.26707006,0.29800692,0.33385766,0.30230016,0.3548833
0.37617216,0.44119692,0.40141112,0.51555073,0.38156503,0.40911645
0.38924232,0.33761686,0.42954403,0.45065582,0.33456567,0.34069827
0.39137316,0.3338888,0.2349137,0.34099996,0.25469223,0.2622219
0.4172071,0.53258264,0.43265724,0.4373235,0.38142115,0.558073
0.47592783,0.5794754,0.43927947,0.5582326,0.3747611,0.37828076
0.35497007,0.40994903,0.3183258,0.42839774,0.310079,0.33313748
0.40039203,0.37570655,0.3141338,0.40121734,0.3279939,0.33012053
0.35132742,0.37765387,0.30506796,0.49837172,0.2503593,0.2562296
0.41604826,0.37270167,0.3712907,0.39277494,0.3840064,0.35250756
0.30649135,0.37459025,0.2860266,0.4601633,0.23366944,0.3097387
0.3248213,0.32148418,0.24811396,0.627871,0.2355904,0.36971822
0.32890403,0.45969215,0.3769273,0.39742684,0.3254045,0.4206368
0.39995703,0.2766869,0.23424874,0.33544782,0.29367393,0.3105568
0.3273557,0.60313463,0.3429284,0.5587104,0.23532332,0.39735755
0.39023682,0.40748286,0.3094822,0.49972168,0.29882053,0.41424724
0.3892331,0.3514396,0.28840914,0.44276562,0.35035303,0.35763457
0.37150064,0.3822033,0.27871817,0.3785439,0.2692723,0.4881403
0.36603862,0.29991835,0.28041422,0.37962127,0.262353,0.41102228
0.34121668,0.31883582,0.40955234,0.38156828,0.40721306,0.31049636
0.30191517,0.39524233,0.30165172,0.44542438,0.3152933,0.44826922
0.37276208,0.35653222,0.2826519,0.377038,0.3098685,0.536379
0.4500515,0.43526736,0.35337034,0.46422893,0.48228884,0.4010268
0.35291603,0.36224684,0.316947,0.40183073,0.32165876,0.3202464
0.49648738,0.60434985,0.3637102,0.38570446,0.4201977,0.3305504
0.36089757,0.40104988,0.44295648,0.40019125,0.33010754,0.35943797
0.33589494,0.310391,0.24469675,0.36869085,0.25437498,0.28432086
0.36397287,0.45985326,0.2814856,0.4774193,0.2733499,0.40312544
0.31147602,0.32379532,0.3218839,0.42480826,0.28042984,0.29255986
0.33143932,0.31834257,0.42189768,0.43910113,0.33409554,0.3615763
0.3895163,0.286518,0.24081501,0.2480649,0.3347288,0.24812531
0.42774063,0.35125726,0.38012907,0.4193914,0.41899157,0.33044595
0.19766411,0.36189866,0.20108712,0.81806284,0.2695301,0.35960758
0.57832634,0.4851446,0.36739224,0.38604861,0.388785,0.34004015
0.3008065,0.37497255,0.40484902,0.41424513,0.33113995,0.48688903
0.48639837,0.34486097,0.31278306,0.44503528,0.35127956,0.35863444
0.34505588,0.37356168,0.3036439,0.40090588,0.32270747,0.34098455
0.35518777,0.3886345,0.3362614,0.455452,0.28850248,0.34585038
0.31709254,0.37339005,0.4976797,0.30743542,0.5442496,0.3883752
0.4036564,0.33564115,0.28391844,0.44972292,0.24238794,0.31573874
0.29951078,0.282275,0.22674695,0.33597153,0.28781822,0.35751605
0.45126382,0.46797705,0.4509508,0.5124443,0.39529115,0.45410672
0.3855764,0.5067704,0.35051838,0.36854687,0.3941228,0.44359884
0.58343446,0.8476428,0.6366036,0.5055564,0.6040675,0.4463063
0.39998016,0.3543765,0.29411793,0.4693571,0.347416,0.38405776
0.4253183,0.55340946,0.51336205,0.56339025,0.42547494,0.6308032
0.33769432,0.42627582,0.34393805,0.4088109,0.32720503,0.36811978
0.2667223,0.2696823,0.22700697,0.4381677,0.2739458,0.25010356
0.45170748,0.5924306,0.4880694,0.45775604,0.4532276,0.58572984
0.36547625,0.4397565,0.46823204,0.4317842,0.45343733,0.4631427
0.44694632,0.39577824,0.28276426,0.39434856,0.32304746,0.32138032
0.5220138,0.35206467,0.30863708,0.53194773,0.37243533,0.39493966
0.3394545,0.3756235,0.31732103,0.46942642,0.28843743,0.35413927
0.3248167,0.38334975,0.34608915,0.48302537,0.3225408,0.39057267
0.3787061,0.30861187,0.31240386,0.41821736,0.33897522,0.3546054
0.26051998,0.26928413,0.21134932,0.42671883,0.20935397,0.2719755
0.29848534,0.3920249,0.30856133,0.38954392,0.29584938,0.3739915
0.48545837,0.32378566,0.3739314,0.5389835,0.40126544,0.25779808
0.41734505,0.36357895,0.28112414,0.32260635,0.37791702,0.5038871
0.30352417,0.3377942,0.2460651,0.38148758,0.27935082,0.33243832
0.4047229,0.426262,0.2799001,0.41048265,0.30756226,0.3838046
0.4294778,0.41707698,0.37542963,0.51130253,0.38181943,0.37470478
0.35507426,0.33410895,0.38943025,0.42191848,0.3579073,0.31364727
0.2946651,0.30248314,0.3137162,0.41199803,0.2630234,0.3765384
0.34176376,0.40641353,0.2960524,0.42356205,0.3300421,0.35701093
0.35062546,0.33969393,0.2616009,0.43117216,0.30409554,0.35937864
0.42115843,0.4873818,0.29925695,0.48758984,0.36894408,0.49616286
0.34652454,0.38558054,0.2955314,0.41356218,0.24685282,0.32704872
0.3053819,0.25883114,0.29219043,0.3774041,0.30151722,0.3208629
0.4816784,0.51431304,0.47088447,0.5420549,0.45133817,0.30870476
0.3816273,0.47655833,0.39775985,0.4991961,0.37657273,0.46173272
0.3427519,0.33319446,0.33494887,0.3611225,0.3416704,0.33002245
0.4447157,0.46913615,0.36554846,0.49924633,0.39491168,0.3479924
0.27430055,0.22437142,0.22249685,0.25500444,0.25622448,0.3054745
0.35105145,0.3733044,0.32536867,0.38286746,0.33788726,0.3700514
0.45019072,0.38576433,0.4198916,0.45005876,0.36496755,0.36255985
0.38342556,0.38186392,0.30339405,0.40094867,0.335208,0.36926544
0.58411205,0.47618,0.43295243,0.5350654,0.37910223,0.32329956
0.37995246,0.32729757,0.31366697,0.5056861,0.35146862,0.34187287
0.27471292,0.24703598,0.29675177,0.40858126,0.3027802,0.35601223
0.42341074,0.33105865,0.3413225,0.4297192,0.30800527,0.3008543
0.39238405,0.37552112,0.37641183,0.39347634,0.34358746,0.3257686
0.28482467,0.54588795,0.5751234,0.474097,0.4393233,0.5634935
0.37408534,0.44108853,0.2843919,0.56751406,0.30589712,0.288996
0.362153,0.41933516,0.30632386,0.43581608,0.33121204,0.4284151
0.3521994,0.3284889,0.25486264,0.35776794,0.2681544,0.37861094
0.27858698,0.2921442,0.26341712,0.3018418,0.21235624,0.31980538
0.3885683,0.38418922,0.30316725,0.43364358,0.3098512,0.31375578
0.39009377,0.40428936,0.20544451,0.41883138,0.3094889,0.33849674
0.33751747,0.33413446,0.29995677,0.4699849,0.27996507,0.39221022
0.4386403,0.73144335,0.6777511,0.58962303,0.78285766,0.6121746
0.30738786,0.31434283,0.21404599,0.41083905,0.23547296,0.31334198
0.44451964,0.5186933,0.49916255,0.4558873,0.49234068,0.46996874
0.35499954,0.25451836,0.26595157,0.3909387,0.29616502,0.251747
0.31751135,0.3988012,0.29560336,0.50964993,0.3038669,0.36395326
0.30358493,0.37380815,0.22336507,0.2506669,0.29005137,0.45701656
0.38798186,0.41220012,0.3569116,0.39762047,0.38241372,0.3728373
0.3004397,0.27276897,0.24216323,0.56545764,0.23716442,0.28882346
0.33158514,0.3670791,0.23598547,0.4105607,0.24426143,0.30802223
0.34865886,0.49320725,0.50722474,0.49929577,0.37792102,0.40265575
0.41885796,0.32558656,0.29465318,0.3653792,0.33739892,0.37151912
0.48549378,0.43687314,0.3725928,0.5018804,0.31840008,0.36776745
0.37514225,0.3084235,0.2736607,0.4610206,0.31931397,0.31424835
0.3983242,0.5312276,0.41908735,0.39150628,0.41745186,0.552224
0.36926374,0.39829636,0.35316652,0.41619647,0.35697106,0.35966492
0.36153072,0.26587608,0.2928668,0.35702375,0.29967126,0.34689406
0.44791108,0.40049827,0.43784285,0.45543295,0.5746114,0.42363185
0.36914778,0.34033826,0.26374575,0.4739488,0.24464254,0.37590685
0.3381923,0.32453996,0.3855179,0.35368922,0.3196742,0.44132084
0.41461793,0.32567155,0.53737956,0.4382718,0.8401271,0.2797491
0.3271137,0.4522475,0.3508452,0.3570609,0.36677024,0.44208667
0.3245287,0.45176542,0.31749806,0.38887754,0.37628564,0.4279773
0.36171645,0.3554659,0.39732212,0.42975515,0.33340126,0.39228302
0.18219703,0.18167959,0.24728061,0.49418947,0.1978603,0.23496653
0.39599323,0.21097945,0.29536474,0.34471008,0.29523793,0.29009077
0.4276067,0.53736377,0.33007005,0.43444118,0.33061883,0.48920947
0.28259158,0.24960962,0.28838935,0.3633436,0.2623747,0.3144704
0.6373278,0.25152388,0.34008446,0.2590845,0.42537466,0.27482373
0.33863702,0.32309252,0.3197554,0.36948016,0.3077261,0.38591832
0.31047326,0.34063992,0.27460358,0.33116424,0.28890446,0.3278067
0.3552331,0.30784026,0.34495118,0.4755223,0.25685722,0.31131253
0.26856688,0.3391938,0.28138304,0.5444361,0.22771008,0.37260097
0.44488943,0.38186264,0.33867946,0.484733,0.4381044,0.44638324
0.308914,0.3935027,0.2688775,0.40011817,0.4072129,0.3319307
0.38062778,0.44570962,0.2844122,0.36565068,0.26815814,0.44877896
0.36301282,0.37942746,0.33628252,0.37392727,0.34719807,0.3310275
0.40761983,0.3689921,0.30258074,0.36576128,0.38441482,0.3633322
0.3422425,0.31471857,0.37742996,0.37766626,0.36125815,0.34510398
0.33800742,0.37185234,0.29345766,0.38607916,0.27433833,0.35247788
0.47623137,0.676934,0.63973117,0.60963017,0.68175656,0.54079574
0.35115215,0.3504213,0.28038254,0.34500742,0.28700253,0.33656368
0.5010025,0.51310766,0.48683771,0.6467144,0.44642267,0.47970808
0.46764845,0.469171,0.40214708,0.38193318,0.42603222,0.38882622
0.42473698,0.3312756,0.3493446,0.38507536,0.394484,0.32554713
0.5402873,0.496181,0.46320507,0.5680917,0.45827818,0.39142975
0.2815128,0.2830829,0.23053566,0.4643442,0.20384154,0.33923537
0.29493064,0.3401946,0.27832368,0.43990993,0.2746397,0.32376033
0.46473664,0.39438123,0.40426567,0.38783664,0.42989805,0.36959517
0.3889166,0.49333456,0.25780663,0.39164972,0.31454805,0.41373006
0.33430496,0.32292992,0.29764622,0.40541327,0.30774915,0.33648005
0.38185197,0.35920072,0.41498318,0.4319028,0.4353258,0.39255783
0.37024543,0.35303658,0.2701766,0.34512314,0.31452462,0.39317623
0.32533586,0.44938353,0.41044214,0.47086987,0.35216343,0.40486857
0.4104186,0.43021002,0.39299294,0.5035545,0.48487914,0.47704622
0.3877524,0.3899977,0.3921523,0.49783647,0.41554824,0.39599514
0.3754431,0.3396609,0.30785453,0.41450736,0.29235736,0.48603716
0.39007434,0.35566092,0.28880027,0.4270389,0.29494742,0.35014024
0.29702777,0.31753674,0.26914075,0.35749272,0.24876243,0.28490975
0.4265888,0.4103368,0.546988,0.4020205,0.5106322,0.4877103
0.39309058,0.3695622,0.34188744,0.41782013,0.2920551,0.40548033
0.37005,0.4971279,0.23141047,0.45327014,0.31826264,0.38553742
0.5017485,0.3987236,0.35571763,0.39970747,0.41791368,0.3916209
0.32777044,0.31148374,0.24830253,0.34983605,0.28530064,0.3308603
0.32147554,0.35492894,0.31502122,0.32355598,0.34235153,0.4068574
0.17719911,0.20687717,0.20078395,0.8638049,0.10472072,0.15469414
0.34171185,0.33197412,0.36409155,0.3528724,0.3472572,0.4586275
0.3654683,0.33414444,0.31899905,0.3524644,0.3320417,0.4486378
0.33564416,0.48562554,0.39673984,0.47185645,0.35367274,0.46498954
0.36099118,0.40305454,0.30636033,0.38655287,0.3163471,0.3853777
0.39560965,0.47859752,0.38265786,0.47159907,0.35601473,0.37175998
0.3251873,0.30339852,0.2683087,0.35794863,0.28166956,0.26666185
0.37995017,0.4304464,0.3994919,0.43602028,0.35983756,0.381358
0.4173467,0.5082928,0.30854982,0.5238011,0.31668213,0.3585771
0.37182888,0.4352429,0.3178328,0.40132755,0.36041188,0.43661505
0.33779177,0.30404317,0.33870187,0.45000783,0.3289778,0.3878675
0.36970016,0.4336958,0.3492871,0.35197294,0.3823778,0.424768
0.33468512,0.44032452,0.29787716,0.5719662,0.28151974,0.3502592
0.46301854,0.28773955,0.30268586,0.5472098,0.25798818,0.22719096
0.35272345,0.40761453,0.40565214,0.46834335,0.35972634,0.44346586
0.2924465,0.3327492,0.29911894,0.34314117,0.2979838,0.305447
0.38485026,0.46281135,0.28301692,0.42271578,0.32686543,0.4396848
0.4056072,0.38033602,0.2843734,0.3821182,0.34996447,0.3350895
0.42316186,0.5683515,0.22330004,0.477915,0.3014809,0.46879882
0.41406187,0.5490079,0.5738666,0.33728015,0.58530545,0.6267715
0.34946752,0.35331044,0.20718223,0.3668612,0.29563218,0.33805498
0.43217057,0.40333316,0.38146424,0.57586616,0.4270876,0.43790123
0.33126447,0.43876,0.47843492,0.46739313,0.30724022,0.5507663
0.32191253,0.26445857,0.25319752,0.3037745,0.2613747,0.36837244
0.34236404,0.32045242,0.2548116,0.3236042,0.28875226,0.3096358
0.52691215,0.5159218,0.37890714,0.49790677,0.41766325,0.35739112
0.40630507,0.44639584,0.3413777,0.43995014,0.35130438,0.39026317
0.3131239,0.4482217,0.2900332,0.44718996,0.2823626,0.40984127
0.31905335,0.3150433,0.26193076,0.39231327,0.2893882,0.32130674
0.4075969,0.32718655,0.29967248,0.45765293,0.2837622,0.42026496
0.2947288,0.27229366,0.29887483,0.4436367,0.31069604,0.29898265
0.3076648,0.4050913,0.32233357,0.40096453,0.33183187,0.34869665
0.37413996,0.38642916,0.32167795,0.4725476,0.3195337,0.34670216
0.50732064,0.43644387,0.4351281,0.3868408,0.53987426,0.4879936
0.47646546,0.7718766,0.57757795,0.3684577,0.76681197,0.5088795
0.3230752,0.3640593,0.3069273,0.38261974,0.29849425,0.35085496
0.38046458,0.30406237,0.28085586,0.35013056,0.33824068,0.39847577
0.42328978,0.5040995,0.50046456,0.4236285,0.49319664,0.42121488
0.49581057,0.5317515,0.36615592,0.43847358,0.44278207,0.35864183
0.29528344,0.42113525,0.31520152,0.40600157,0.27958444,0.41419062
0.46049404,0.48868924,0.41874003,0.40538636,0.42094135,0.35427874
0.35342875,0.334364,0.25551385,0.5159979,0.30155954,0.2981384
0.4445465,0.33898807,0.3302296,0.4149547,0.3050156,0.36900654
0.5161272,0.65345526,0.42719254,0.39862698,0.527699,0.33329964
0.3694397,0.36647996,0.29797712,0.47456783,0.32962304,0.38509098
0.34287372,0.31866145,0.28133848,0.4001226,0.26254186,0.35132906
0.33469844,0.35114455,0.30856305,0.3466723,0.33799028,0.33632684
0.41563937,0.46635213,0.43970093,0.4956148,0.3915927,0.40716776
0.17719911,0.20687717,0.20078395,0.8638049,0.10472072,0.15469414
0.38899735,0.3753063,0.3073735,0.4165309,0.2865171,0.42536104
0.3638912,0.39510575,0.3447297,0.38411066,0.364969,0.41832706
0.37246913,0.537583,0.46227676,0.5800176,0.34319854,0.43831038
0.50026923,0.43364778,0.39249572,0.4840412,0.37848908,0.37911305
0.3586047,0.41476342,0.25623354,0.42853254,0.3278542,0.37218145
0.42089236,0.3747591,0.38066375,0.5027647,0.37307528,0.3856275
0.28788295,0.29056472,0.27109766,0.538587,0.2793239,0.3188417
0.28940496,0.7774932,0.65217507,0.66107094,0.5059564,0.6880781
0.47515815,0.3301916,0.23115858,0.38692746,0.25831538,0.29844242
0.3547495,0.31309682,0.3447677,0.38332778,0.3719633,0.40726075
0.2752659,0.32033363,0.27499455,0.43281204,0.1908466,0.29825234
0.48503533,0.45112857,0.4080218,0.49754277,0.40563703,0.3624644
0.36367923,0.2501471,0.2891549,0.42750236,0.32252526,0.32440838
0.3175605,0.32093096,0.39701933,0.3958583,0.34802166,0.42820466
0.39092538,0.38579562,0.297912,0.36975294,0.3271338,0.3166154
0.38234907,0.3754281,0.4248421,0.3882555,0.39471367,0.3930314
0.3695907,0.41340825,0.3210153,0.36271065,0.3132045,0.3800087
0.34223336,0.29889104,0.32845747,0.42256367,0.3432002,0.36211908
0.37084255,0.311071,0.32407594,0.42660332,0.31436887,0.2932867
0.3285328,0.33930632,0.3127196,0.41629115,0.32130304,0.35925743
0.3280037,0.37572226,0.2795697,0.47520706,0.27283937,0.3187923
0.3992955,0.42655239,0.34867752,0.34848484,0.34476835,0.43630677
0.45930055,0.5991587,0.5073013,0.33509287,0.45411262,0.497499
0.40423724,0.4850377,0.41343066,0.42986342,0.44881293,0.41271862
0.4215156,0.32559136,0.30425018,0.45263407,0.3329584,0.28220937
0.3248573,0.23317811,0.23659632,0.4732739,0.22975159,0.2944652
0.39568254,0.3069132,0.41036797,0.35579562,0.37970847,0.3501988
0.35373676,0.33993292,0.2894045,0.3815237,0.30183423,0.31871286
0.41893777,0.3597076,0.2866057,0.48318157,0.258681,0.26476333
0.39896616,0.3310403,0.28935024,0.39527193,0.27248254,0.3413898
0.52234143,0.28276923,0.31322217,0.26955128,0.48178264,0.40135217
0.27562702,0.25253728,0.22043745,0.5084285,0.19191657,0.34438217
0.47086003,0.6106423,0.4315965,0.4975806,0.38571888,0.37806094
0.3864311,0.45066032,0.39487448,0.4438153,0.3580165,0.35696706
0.34494558,0.39157063,0.26765755,0.40969363,0.29389134,0.33256507
0.31222096,0.49432692,0.42978525,0.32207373,0.4678349,0.47354242
0.34357905,0.4031982,0.36307332,0.43526626,0.32258847,0.3781594
0.31381437,0.46287134,0.3668593,0.42804298,0.2690257,0.3567927
0.32241324,0.3563536,0.27211857,0.43458176,0.27559662,0.28477782
0.31014475,0.3190065,0.40788078,0.45754045,0.34238744,0.4316768
0.3946631,0.29186088,0.3308172,0.4543143,0.31675017,0.37008926
0.27624905,0.44536868,0.29583216,0.53458196,0.27287862,0.30283943
0.42611173,0.2331342,0.3174576,0.5232869,0.29978415,0.32185218
0.33705094,0.35730225,0.3129634,0.3739085,0.30099645,0.38215414
0.31204322,0.3089895,0.3645871,0.3932058,0.3295006,0.36379588
0.37210464,0.35210273,0.2330104,0.35651022,0.25245336,0.367206
0.5341954,0.40614396,0.389116,0.59135556,0.372656,0.28134966
0.41355,0.35826856,0.37142614,0.45072395,0.38197824,0.37800676
0.3277582,0.3509185,0.32802868,0.35213444,0.31000283,0.35391232
0.34127137,0.35360545,0.24790251,0.44677442,0.25543135,0.34703758
0.34413722,0.26796246,0.24944349,0.5729239,0.24796791,0.29518312
0.38917834,0.3549878,0.32337788,0.44363388,0.37319183,0.40906477
0.49940127,0.4667578,0.38025343,0.43792126,0.39199528,0.39066082
0.4659011,0.3261604,0.40000013,0.35582605,0.44233608,0.3874545
0.4353345,0.47310957,0.37758002,0.46071574,0.4121988,0.33684087
0.38470352,0.5487164,0.71341276,0.34472308,0.6938293,0.57775855
0.32221138,0.40154707,0.36619025,0.5302884,0.23314454,0.35171917
0.3641899,0.38020378,0.31736302,0.36700806,0.34004125,0.33732024
0.33262485,0.31647366,0.32520628,0.370295,0.3708751,0.37931657
0.36780724,0.37128052,0.30663326,0.4862521,0.3212659,0.41135678
0.39524084,0.35054857,0.42066908,0.45080924,0.385341,0.50106907
0.34198093,0.3017724,0.33066818,0.38669273,0.28115198,0.36945438
0.46216115,0.40735826,0.4344114,0.46164182,0.36316302,0.34575626
0.3725006,0.31668958,0.28470293,0.39158654,0.37344205,0.36713994
0.31271058,0.2999945,0.22879706,0.3633512,0.2347249,0.28143814
0.25140923,0.3375498,0.33465618,0.5052329,0.28533646,0.31952292
0.5038866,0.53735936,0.5004716,0.5460223,0.47876948,0.4400547
0.4149685,0.3969138,0.36437708,0.4931715,0.37671965,0.3819316
0.31465137,0.36890095,0.29535142,0.5876051,0.22678539,0.35099065
0.45287254,0.5455235,0.6017465,0.57465684,0.424454,0.4625172
0.32546225,0.40907446,0.2882323,0.37761983,0.273565,0.36163926
0.3014518,0.31149477,0.20080441,0.4314363,0.25904655,0.35886762
0.43027773,0.74123496,0.30427757,0.59481955,0.36922854,0.54423755
0.42194787,0.3355712,0.3557798,0.51219255,0.40229622,0.44760588
0.47026372,0.4239614,0.2885121,0.43640724,0.35036346,0.32883346
0.43744487,0.40596622,0.29397878,0.3666384,0.36098093,0.39586142
0.44017926,0.3520496,0.40973386,0.4975396,0.35287085,0.29417378
0.38600966,0.36882117,0.32265896,0.43715993,0.34417346,0.30123657
0.30637985,0.31815493,0.3583725,0.40020916,0.29716933,0.36226147
0.35053495,0.38039765,0.27824852,0.20271124,0.37331524,0.4301354
0.37415102,0.35979816,0.32026365,0.46589455,0.25530156,0.35599735
0.4198177,0.34344444,0.31245884,0.36018613,0.35341653,0.4187224
0.48836523,0.5260292,0.17864238,0.75888526,0.22131844,0.2834103
0.43252796,0.49393776,0.46156046,0.39537793,0.47560763,0.49161416
0.3544785,0.3486572,0.390583,0.41422132,0.34703535,0.4298248
0.31641364,0.35014507,0.3370328,0.3813804,0.3605894,0.38807744
0.30872342,0.3693113,0.30038208,0.385292,0.36704057,0.37580627
0.39176226,0.31348622,0.36626348,0.3630738,0.34623817,0.38125315
0.35166144,0.31970432,0.30621848,0.37937436,0.29463372,0.34964105
0.3680769,0.3540287,0.27660593,0.3973619,0.2888338,0.346381
0.37442464,0.8518919,0.7168742,0.6406976,0.5311783,0.39925888
0.33316734,0.31775075,0.32800525,0.45135996,0.30625364,0.30783367
0.34079906,0.41929936,0.27980402,0.40690413,0.34633875,0.3483366
0.37368143,0.39012334,0.3460538,0.36767763,0.34127027,0.31368443
0.29481742,0.3603343,0.26018912,0.42240912,0.27028,0.36812437
0.30963078,0.27749762,0.33369154,0.3652609,0.29643944,0.34912038
0.50421655,0.4190669,0.30792663,0.29808852,0.4010106,0.3068433
0.4346017,0.47937742,0.43787202,0.35827518,0.5037513,0.40198514
0.387633,0.50696516,0.41913462,0.6057239,0.37836042,0.40577087
0.45659694,0.4123365,0.32013568,0.48183835,0.33716145,0.36504674
0.41341296,0.37106964,0.34633818,0.4262167,0.40832266,0.40164387
0.3272668,0.31369048,0.32637924,0.32650292,0.31123468,0.33817828
0.3184587,0.3621278,0.29307956,0.41126588,0.2888922,0.36073202
0.32740387,0.40630937,0.34964415,0.38291427,0.32877788,0.37525368
0.3435807,0.3727898,0.3651035,0.5107433,0.36607108,0.37834328
0.41774693,0.30743727,0.39136603,0.39051044,0.4306991,0.3372295
0.45242104,0.32533595,0.30838254,0.3946983,0.31268707,0.28688362
0.32858935,0.4751021,0.38697895,0.35275033,0.38538605,0.41619104
0.35518587,0.426134,0.25294137,0.33831656,0.25069895,0.49867088
0.47196984,0.40241346,0.40004382,0.4803419,0.46875635,0.46851596
0.39483953,0.37952483,0.34194902,0.5022041,0.2780262,0.39462063
0.3865789,0.39761057,0.29585835,0.42353874,0.28931716,0.30577293
0.3748584,0.42150068,0.2901173,0.4138051,0.32084078,0.42634463
0.27926475,0.30464754,0.23463875,0.36066282,0.23157135,0.26037595
0.36536258,0.75660896,0.46483338,0.45720032,0.57127726,0.6455777
0.32643208,0.3018903,0.2675514,0.43330404,0.27938983,0.39644507
